split_type,policy,target,train_rows,median_abs_error,p95_abs_error,model_method
random,reactive_admission,p95_jct,92,3.5638298808635938,9.255514039653713,numpy_ridge
random,reactive_admission,mean_jct,92,3.0681077336086915,7.826897078899646,numpy_ridge
random,reactive_admission,throughput,92,0.00926850106795453,0.03837621622889651,numpy_ridge
random,reactive_admission,ready_queue_wait,92,974.5331882348612,4123.359901501117,numpy_ridge
random,reactive_admission,region_utilization,92,0.05228840814571045,0.1353846115203359,numpy_ridge
random,acd_nisp,p95_jct,92,3.5638298808635938,9.255514039653713,numpy_ridge
random,acd_nisp,mean_jct,92,3.0681077336086915,7.826897078899646,numpy_ridge
random,acd_nisp,throughput,92,0.00926850106795453,0.03837621622889651,numpy_ridge
random,acd_nisp,ready_queue_wait,92,974.5331882348612,4123.359901501117,numpy_ridge
random,acd_nisp,region_utilization,92,0.05228840814571045,0.1353846115203359,numpy_ridge
random,taps_domain_v4,p95_jct,92,13.312371435528178,57.85148623949853,numpy_ridge
random,taps_domain_v4,mean_jct,92,3.339914883675661,8.826994587353292,numpy_ridge
random,taps_domain_v4,throughput,92,0.009952423010023609,0.04028177531369953,numpy_ridge
random,taps_domain_v4,ready_queue_wait,92,823.043712874367,3278.2815556773867,numpy_ridge
random,taps_domain_v4,region_utilization,92,0.05417334426404363,0.15077244339736895,numpy_ridge
random,taps_admission_v4,p95_jct,92,7.364592202131448,22.317583814553206,numpy_ridge
random,taps_admission_v4,mean_jct,92,2.9857816216193527,9.166807394769789,numpy_ridge
random,taps_admission_v4,throughput,92,0.010275885487306485,0.04030233801133703,numpy_ridge
random,taps_admission_v4,ready_queue_wait,92,814.7138245215847,3533.6069563126503,numpy_ridge
random,taps_admission_v4,region_utilization,92,0.05289500298217703,0.10781411226623669,numpy_ridge
random,taps_unified_v5,p95_jct,92,9.588397032635896,34.32448026126054,numpy_ridge
random,taps_unified_v5,mean_jct,92,3.5554165306234893,12.483430440618193,numpy_ridge
random,taps_unified_v5,throughput,92,0.015910827163349184,0.050647672144344444,numpy_ridge
random,taps_unified_v5,ready_queue_wait,92,627.2009658052327,2768.101611175718,numpy_ridge
random,taps_unified_v5,region_utilization,92,0.06637286510763793,0.16150569498059614,numpy_ridge
random,taps_unified_adaptive_v6,p95_jct,92,7.236537839056965,29.944925637285316,numpy_ridge
random,taps_unified_adaptive_v6,mean_jct,92,4.14207058460272,14.469928282457513,numpy_ridge
random,taps_unified_adaptive_v6,throughput,92,0.017161914302180198,0.050059299079594825,numpy_ridge
random,taps_unified_adaptive_v6,ready_queue_wait,92,659.5066350063104,2703.8632914239033,numpy_ridge
random,taps_unified_adaptive_v6,region_utilization,92,0.06831969189680875,0.1653724128329617,numpy_ridge
leave_arrival_bursty,reactive_admission,p95_jct,67,3.4762294183820472,8.833510510264077,numpy_ridge
leave_arrival_bursty,reactive_admission,mean_jct,67,2.56021154108495,7.135419848669245,numpy_ridge
leave_arrival_bursty,reactive_admission,throughput,67,0.00776211559774212,0.032058118316827575,numpy_ridge
leave_arrival_bursty,reactive_admission,ready_queue_wait,67,650.8600812291136,2207.3557046375477,numpy_ridge
leave_arrival_bursty,reactive_admission,region_utilization,67,0.04948420087202898,0.11997118959807218,numpy_ridge
leave_arrival_bursty,acd_nisp,p95_jct,67,3.4762294183820472,8.833510510264077,numpy_ridge
leave_arrival_bursty,acd_nisp,mean_jct,67,2.56021154108495,7.135419848669245,numpy_ridge
leave_arrival_bursty,acd_nisp,throughput,67,0.00776211559774212,0.032058118316827575,numpy_ridge
leave_arrival_bursty,acd_nisp,ready_queue_wait,67,650.8600812291136,2207.3557046375477,numpy_ridge
leave_arrival_bursty,acd_nisp,region_utilization,67,0.04948420087202898,0.11997118959807218,numpy_ridge
leave_arrival_bursty,taps_domain_v4,p95_jct,67,11.901403193298677,47.94562108092154,numpy_ridge
leave_arrival_bursty,taps_domain_v4,mean_jct,67,2.876874372880664,7.696439137449303,numpy_ridge
leave_arrival_bursty,taps_domain_v4,throughput,67,0.008377410906164291,0.029986711107935993,numpy_ridge
leave_arrival_bursty,taps_domain_v4,ready_queue_wait,67,499.68572287328567,2095.037230112414,numpy_ridge
leave_arrival_bursty,taps_domain_v4,region_utilization,67,0.05330191916930922,0.12014085973499522,numpy_ridge
leave_arrival_bursty,taps_admission_v4,p95_jct,67,7.037824916692557,21.555423248430067,numpy_ridge
leave_arrival_bursty,taps_admission_v4,mean_jct,67,3.353218421602371,10.370398775255413,numpy_ridge
leave_arrival_bursty,taps_admission_v4,throughput,67,0.006874540705907012,0.033412259258055896,numpy_ridge
leave_arrival_bursty,taps_admission_v4,ready_queue_wait,67,685.1309835068423,2114.1193030719687,numpy_ridge
leave_arrival_bursty,taps_admission_v4,region_utilization,67,0.04086114094387294,0.11049394804519774,numpy_ridge
leave_arrival_bursty,taps_unified_v5,p95_jct,67,6.679073519723602,30.477436495460513,numpy_ridge
leave_arrival_bursty,taps_unified_v5,mean_jct,67,3.2461886197087892,13.401732138516586,numpy_ridge
leave_arrival_bursty,taps_unified_v5,throughput,67,0.011836154132095308,0.04643047506929615,numpy_ridge
leave_arrival_bursty,taps_unified_v5,ready_queue_wait,67,418.06361275318034,2562.9155586026527,numpy_ridge
leave_arrival_bursty,taps_unified_v5,region_utilization,67,0.07294312433359873,0.1737664725008757,numpy_ridge
leave_arrival_bursty,taps_unified_adaptive_v6,p95_jct,67,7.179177621387566,28.560204261542708,numpy_ridge
leave_arrival_bursty,taps_unified_adaptive_v6,mean_jct,67,3.4801778964306855,14.859819218299528,numpy_ridge
leave_arrival_bursty,taps_unified_adaptive_v6,throughput,67,0.012558682491501022,0.051087640606676164,numpy_ridge
leave_arrival_bursty,taps_unified_adaptive_v6,ready_queue_wait,67,470.5859270743481,2619.0624999366923,numpy_ridge
leave_arrival_bursty,taps_unified_adaptive_v6,region_utilization,67,0.05887348329962644,0.161853642116046,numpy_ridge
leave_arrival_closed_loop,reactive_admission,p95_jct,87,3.4449614002316196,10.015893188177536,numpy_ridge
leave_arrival_closed_loop,reactive_admission,mean_jct,87,2.87028548784604,8.778739169493985,numpy_ridge
leave_arrival_closed_loop,reactive_admission,throughput,87,0.011902977007538201,0.03386217988035037,numpy_ridge
leave_arrival_closed_loop,reactive_admission,ready_queue_wait,87,887.5085905867218,3586.401479554166,numpy_ridge
leave_arrival_closed_loop,reactive_admission,region_utilization,87,0.0495238892339086,0.1264956376171643,numpy_ridge
leave_arrival_closed_loop,acd_nisp,p95_jct,87,3.4449614002316196,10.015893188177536,numpy_ridge
leave_arrival_closed_loop,acd_nisp,mean_jct,87,2.87028548784604,8.778739169493985,numpy_ridge
leave_arrival_closed_loop,acd_nisp,throughput,87,0.011902977007538201,0.03386217988035037,numpy_ridge
leave_arrival_closed_loop,acd_nisp,ready_queue_wait,87,887.5085905867218,3586.401479554166,numpy_ridge
leave_arrival_closed_loop,acd_nisp,region_utilization,87,0.0495238892339086,0.1264956376171643,numpy_ridge
leave_arrival_closed_loop,taps_domain_v4,p95_jct,87,10.893545119991245,60.746869357205995,numpy_ridge
leave_arrival_closed_loop,taps_domain_v4,mean_jct,87,3.370722538267998,8.876658011263979,numpy_ridge
leave_arrival_closed_loop,taps_domain_v4,throughput,87,0.010902548463407075,0.03518572931241575,numpy_ridge
leave_arrival_closed_loop,taps_domain_v4,ready_queue_wait,87,764.4442287181832,2959.11914710385,numpy_ridge
leave_arrival_closed_loop,taps_domain_v4,region_utilization,87,0.05756793162763843,0.14972775604237265,numpy_ridge
leave_arrival_closed_loop,taps_admission_v4,p95_jct,87,6.664679043847173,17.50932718906208,numpy_ridge
leave_arrival_closed_loop,taps_admission_v4,mean_jct,87,3.0440914498892795,9.474746032322493,numpy_ridge
leave_arrival_closed_loop,taps_admission_v4,throughput,87,0.008630290325559856,0.04185851996344404,numpy_ridge
leave_arrival_closed_loop,taps_admission_v4,ready_queue_wait,87,752.6549298167832,3145.5130055406935,numpy_ridge
leave_arrival_closed_loop,taps_admission_v4,region_utilization,87,0.046343157766160825,0.10372799790346388,numpy_ridge
leave_arrival_closed_loop,taps_unified_v5,p95_jct,87,7.997959705897728,32.7381141773118,numpy_ridge
leave_arrival_closed_loop,taps_unified_v5,mean_jct,87,3.245879828747235,9.227820100954295,numpy_ridge
leave_arrival_closed_loop,taps_unified_v5,throughput,87,0.01911564983360943,0.05252562761384769,numpy_ridge
leave_arrival_closed_loop,taps_unified_v5,ready_queue_wait,87,647.3054163830658,2358.628666112982,numpy_ridge
leave_arrival_closed_loop,taps_unified_v5,region_utilization,87,0.06586610371910007,0.15511997932738145,numpy_ridge
leave_arrival_closed_loop,taps_unified_adaptive_v6,p95_jct,87,7.330103625543643,27.67402524836451,numpy_ridge
leave_arrival_closed_loop,taps_unified_adaptive_v6,mean_jct,87,2.7001529260511745,9.50057270506704,numpy_ridge
leave_arrival_closed_loop,taps_unified_adaptive_v6,throughput,87,0.018424880269280602,0.05092608134914922,numpy_ridge
leave_arrival_closed_loop,taps_unified_adaptive_v6,ready_queue_wait,87,732.4731835758951,2576.160813266983,numpy_ridge
leave_arrival_closed_loop,taps_unified_adaptive_v6,region_utilization,87,0.07932281406448718,0.16776036947666453,numpy_ridge
leave_arrival_poisson,reactive_admission,p95_jct,86,4.396235493523577,10.65144643498471,numpy_ridge
leave_arrival_poisson,reactive_admission,mean_jct,86,2.9939751067238376,8.783476573816127,numpy_ridge
leave_arrival_poisson,reactive_admission,throughput,86,0.009573367172634697,0.03454880417016329,numpy_ridge
leave_arrival_poisson,reactive_admission,ready_queue_wait,86,987.618694914358,3257.554203767765,numpy_ridge
leave_arrival_poisson,reactive_admission,region_utilization,86,0.04219441712186467,0.11942084120318443,numpy_ridge
leave_arrival_poisson,acd_nisp,p95_jct,86,4.396235493523577,10.65144643498471,numpy_ridge
leave_arrival_poisson,acd_nisp,mean_jct,86,2.9939751067238376,8.783476573816127,numpy_ridge
leave_arrival_poisson,acd_nisp,throughput,86,0.009573367172634697,0.03454880417016329,numpy_ridge
leave_arrival_poisson,acd_nisp,ready_queue_wait,86,987.618694914358,3257.554203767765,numpy_ridge
leave_arrival_poisson,acd_nisp,region_utilization,86,0.04219441712186467,0.11942084120318443,numpy_ridge
leave_arrival_poisson,taps_domain_v4,p95_jct,86,16.99197317610583,57.13181280932232,numpy_ridge
leave_arrival_poisson,taps_domain_v4,mean_jct,86,3.238365125594136,9.334814595594903,numpy_ridge
leave_arrival_poisson,taps_domain_v4,throughput,86,0.008697921064177327,0.037661052699331704,numpy_ridge
leave_arrival_poisson,taps_domain_v4,ready_queue_wait,86,760.448295343755,2475.563593104812,numpy_ridge
leave_arrival_poisson,taps_domain_v4,region_utilization,86,0.052807860881072144,0.1500592990695874,numpy_ridge
leave_arrival_poisson,taps_admission_v4,p95_jct,86,8.503231656956046,21.933577289608216,numpy_ridge
leave_arrival_poisson,taps_admission_v4,mean_jct,86,2.5716588852694997,8.016664593818941,numpy_ridge
leave_arrival_poisson,taps_admission_v4,throughput,86,0.009851605573676564,0.0395593184051029,numpy_ridge
leave_arrival_poisson,taps_admission_v4,ready_queue_wait,86,867.3162854876559,3274.7518228608023,numpy_ridge
leave_arrival_poisson,taps_admission_v4,region_utilization,86,0.040825391526916,0.10516823364599366,numpy_ridge
leave_arrival_poisson,taps_unified_v5,p95_jct,86,8.831287282572134,35.13132262945416,numpy_ridge
leave_arrival_poisson,taps_unified_v5,mean_jct,86,3.287371852418538,10.853960131123163,numpy_ridge
leave_arrival_poisson,taps_unified_v5,throughput,86,0.018710562023311478,0.0525787840903742,numpy_ridge
leave_arrival_poisson,taps_unified_v5,ready_queue_wait,86,557.5719437136191,2363.9583688718967,numpy_ridge
leave_arrival_poisson,taps_unified_v5,region_utilization,86,0.06592985266379786,0.16119451154858594,numpy_ridge
leave_arrival_poisson,taps_unified_adaptive_v6,p95_jct,86,8.332064899266996,29.16396148985855,numpy_ridge
leave_arrival_poisson,taps_unified_adaptive_v6,mean_jct,86,3.7302473598264783,13.11901836465881,numpy_ridge
leave_arrival_poisson,taps_unified_adaptive_v6,throughput,86,0.019672793441468342,0.05473212520219898,numpy_ridge
leave_arrival_poisson,taps_unified_adaptive_v6,ready_queue_wait,86,617.202687799594,2455.5317544095974,numpy_ridge
leave_arrival_poisson,taps_unified_adaptive_v6,region_utilization,86,0.07042429817344864,0.17629110552231753,numpy_ridge
leave_session_16,reactive_admission,p95_jct,90,3.870616076744355,11.15428746482347,numpy_ridge
leave_session_16,reactive_admission,mean_jct,90,2.9758904063424154,8.919837538664083,numpy_ridge
leave_session_16,reactive_admission,throughput,90,0.00920693271235934,0.033948535126529775,numpy_ridge
leave_session_16,reactive_admission,ready_queue_wait,90,965.6967419114262,4501.681481418057,numpy_ridge
leave_session_16,reactive_admission,region_utilization,90,0.04531382297604991,0.117595018824368,numpy_ridge
leave_session_16,acd_nisp,p95_jct,90,3.870616076744355,11.15428746482347,numpy_ridge
leave_session_16,acd_nisp,mean_jct,90,2.9758904063424154,8.919837538664083,numpy_ridge
leave_session_16,acd_nisp,throughput,90,0.00920693271235934,0.033948535126529775,numpy_ridge
leave_session_16,acd_nisp,ready_queue_wait,90,965.6967419114262,4501.681481418057,numpy_ridge
leave_session_16,acd_nisp,region_utilization,90,0.04531382297604991,0.117595018824368,numpy_ridge
leave_session_16,taps_domain_v4,p95_jct,90,18.785098024167183,60.491793672083105,numpy_ridge
leave_session_16,taps_domain_v4,mean_jct,90,3.632203319166983,8.782872167517304,numpy_ridge
leave_session_16,taps_domain_v4,throughput,90,0.00918749265411442,0.0373439916054042,numpy_ridge
leave_session_16,taps_domain_v4,ready_queue_wait,90,872.8593277524135,3491.1271603504815,numpy_ridge
leave_session_16,taps_domain_v4,region_utilization,90,0.04937725028022033,0.10399565427987953,numpy_ridge
leave_session_16,taps_admission_v4,p95_jct,90,7.280753412466694,24.539398147595588,numpy_ridge
leave_session_16,taps_admission_v4,mean_jct,90,2.392482336294499,10.436625881609395,numpy_ridge
leave_session_16,taps_admission_v4,throughput,90,0.011322228633325299,0.04103413639948407,numpy_ridge
leave_session_16,taps_admission_v4,ready_queue_wait,90,813.0286978982796,3720.4565328212457,numpy_ridge
leave_session_16,taps_admission_v4,region_utilization,90,0.04261332472731805,0.11201453347111331,numpy_ridge
leave_session_16,taps_unified_v5,p95_jct,90,12.676833230562934,34.07448975536451,numpy_ridge
leave_session_16,taps_unified_v5,mean_jct,90,3.3090957792061744,12.386744027308351,numpy_ridge
leave_session_16,taps_unified_v5,throughput,90,0.02258438996412039,0.05280664966262654,numpy_ridge
leave_session_16,taps_unified_v5,ready_queue_wait,90,625.014620854351,2724.0292955791133,numpy_ridge
leave_session_16,taps_unified_v5,region_utilization,90,0.07014982773281975,0.1612330753956575,numpy_ridge
leave_session_16,taps_unified_adaptive_v6,p95_jct,90,9.544296506229102,31.054862219568857,numpy_ridge
leave_session_16,taps_unified_adaptive_v6,mean_jct,90,3.843458040028814,17.672044621847846,numpy_ridge
leave_session_16,taps_unified_adaptive_v6,throughput,90,0.02358182342208412,0.05256096697803931,numpy_ridge
leave_session_16,taps_unified_adaptive_v6,ready_queue_wait,90,629.0394552459462,2696.7177323036703,numpy_ridge
leave_session_16,taps_unified_adaptive_v6,region_utilization,90,0.07807158971852923,0.14853010008277112,numpy_ridge
leave_session_32,reactive_admission,p95_jct,97,3.103452499390599,8.46929042396747,numpy_ridge
leave_session_32,reactive_admission,mean_jct,97,2.860503745973645,6.241960521195636,numpy_ridge
leave_session_32,reactive_admission,throughput,97,0.012458610108512666,0.03550560928627602,numpy_ridge
leave_session_32,reactive_admission,ready_queue_wait,97,845.5937925273254,3509.6878768192896,numpy_ridge
leave_session_32,reactive_admission,region_utilization,97,0.043991644110352834,0.1281194333848818,numpy_ridge
leave_session_32,acd_nisp,p95_jct,97,3.103452499390599,8.46929042396747,numpy_ridge
leave_session_32,acd_nisp,mean_jct,97,2.860503745973645,6.241960521195636,numpy_ridge
leave_session_32,acd_nisp,throughput,97,0.012458610108512666,0.03550560928627602,numpy_ridge
leave_session_32,acd_nisp,ready_queue_wait,97,845.5937925273254,3509.6878768192896,numpy_ridge
leave_session_32,acd_nisp,region_utilization,97,0.043991644110352834,0.1281194333848818,numpy_ridge
leave_session_32,taps_domain_v4,p95_jct,97,14.163257168129121,62.89918891125271,numpy_ridge
leave_session_32,taps_domain_v4,mean_jct,97,2.85046038029153,8.53358954669783,numpy_ridge
leave_session_32,taps_domain_v4,throughput,97,0.012698107466642655,0.03774732532105955,numpy_ridge
leave_session_32,taps_domain_v4,ready_queue_wait,97,657.7448963442839,3068.474383671798,numpy_ridge
leave_session_32,taps_domain_v4,region_utilization,97,0.04918743260278258,0.14131463581860051,numpy_ridge
leave_session_32,taps_admission_v4,p95_jct,97,6.33394926072323,19.61011976298488,numpy_ridge
leave_session_32,taps_admission_v4,mean_jct,97,2.694575269881831,7.229944313847524,numpy_ridge
leave_session_32,taps_admission_v4,throughput,97,0.011333059332173906,0.036372522104337356,numpy_ridge
leave_session_32,taps_admission_v4,ready_queue_wait,97,783.5609649671646,3006.813084730416,numpy_ridge
leave_session_32,taps_admission_v4,region_utilization,97,0.03704263764273974,0.10253632215368386,numpy_ridge
leave_session_32,taps_unified_v5,p95_jct,97,8.999048479951043,34.0775942049126,numpy_ridge
leave_session_32,taps_unified_v5,mean_jct,97,3.1541751984087796,9.358062780150862,numpy_ridge
leave_session_32,taps_unified_v5,throughput,97,0.022378516810078727,0.05183088743523522,numpy_ridge
leave_session_32,taps_unified_v5,ready_queue_wait,97,601.7439995126081,2951.1647122124937,numpy_ridge
leave_session_32,taps_unified_v5,region_utilization,97,0.07390077255462965,0.1798262879026113,numpy_ridge
leave_session_32,taps_unified_adaptive_v6,p95_jct,97,7.999439416134209,29.906277267550543,numpy_ridge
leave_session_32,taps_unified_adaptive_v6,mean_jct,97,3.3961807801703543,10.792703842631468,numpy_ridge
leave_session_32,taps_unified_adaptive_v6,throughput,97,0.022096171522567556,0.05327151757131233,numpy_ridge
leave_session_32,taps_unified_adaptive_v6,ready_queue_wait,97,604.6003372038792,2970.479104620228,numpy_ridge
leave_session_32,taps_unified_adaptive_v6,region_utilization,97,0.08309611209103662,0.17402085223041036,numpy_ridge
leave_session_64,reactive_admission,p95_jct,87,4.0919427824590855,9.80220965447841,numpy_ridge
leave_session_64,reactive_admission,mean_jct,87,3.4329430019985665,8.202837862085897,numpy_ridge
leave_session_64,reactive_admission,throughput,87,0.00933718233035638,0.03711202026674746,numpy_ridge
leave_session_64,reactive_admission,ready_queue_wait,87,1101.0577024297324,3951.0275516793045,numpy_ridge
leave_session_64,reactive_admission,region_utilization,87,0.050536005156000374,0.12113586854274738,numpy_ridge
leave_session_64,acd_nisp,p95_jct,87,4.0919427824590855,9.80220965447841,numpy_ridge
leave_session_64,acd_nisp,mean_jct,87,3.4329430019985665,8.202837862085897,numpy_ridge
leave_session_64,acd_nisp,throughput,87,0.00933718233035638,0.03711202026674746,numpy_ridge
leave_session_64,acd_nisp,ready_queue_wait,87,1101.0577024297324,3951.0275516793045,numpy_ridge
leave_session_64,acd_nisp,region_utilization,87,0.050536005156000374,0.12113586854274738,numpy_ridge
leave_session_64,taps_domain_v4,p95_jct,87,11.06567093237308,62.71267195861715,numpy_ridge
leave_session_64,taps_domain_v4,mean_jct,87,3.1032756684680862,8.650552862341122,numpy_ridge
leave_session_64,taps_domain_v4,throughput,87,0.00902083337112726,0.03944237559392207,numpy_ridge
leave_session_64,taps_domain_v4,ready_queue_wait,87,781.3213286599936,3312.1531404649163,numpy_ridge
leave_session_64,taps_domain_v4,region_utilization,87,0.05436334624979672,0.1951870467858385,numpy_ridge
leave_session_64,taps_admission_v4,p95_jct,87,5.63299595509605,19.038981912929767,numpy_ridge
leave_session_64,taps_admission_v4,mean_jct,87,3.010882618924043,11.374467534162488,numpy_ridge
leave_session_64,taps_admission_v4,throughput,87,0.009165539106880949,0.04158875160528269,numpy_ridge
leave_session_64,taps_admission_v4,ready_queue_wait,87,993.0568681949728,3455.4763873542115,numpy_ridge
leave_session_64,taps_admission_v4,region_utilization,87,0.049056388073117185,0.1107269555617572,numpy_ridge
leave_session_64,taps_unified_v5,p95_jct,87,9.398309727929188,30.740523952434252,numpy_ridge
leave_session_64,taps_unified_v5,mean_jct,87,2.9849276846209207,14.589687399717747,numpy_ridge
leave_session_64,taps_unified_v5,throughput,87,0.012495176947757397,0.057658448075700135,numpy_ridge
leave_session_64,taps_unified_v5,ready_queue_wait,87,731.3225690571708,2979.763031123917,numpy_ridge
leave_session_64,taps_unified_v5,region_utilization,87,0.07014526641600732,0.1378863648147796,numpy_ridge
leave_session_64,taps_unified_adaptive_v6,p95_jct,87,7.543834480212553,28.071411962124976,numpy_ridge
leave_session_64,taps_unified_adaptive_v6,mean_jct,87,4.16565004387563,12.762950929128559,numpy_ridge
leave_session_64,taps_unified_adaptive_v6,throughput,87,0.014612528057222074,0.05785123229972443,numpy_ridge
leave_session_64,taps_unified_adaptive_v6,ready_queue_wait,87,766.371983819399,2703.6698994791177,numpy_ridge
leave_session_64,taps_unified_adaptive_v6,region_utilization,87,0.06214703662060861,0.16311732118841507,numpy_ridge
leave_session_128,reactive_admission,p95_jct,86,3.242738060112103,8.957491871848458,numpy_ridge
leave_session_128,reactive_admission,mean_jct,86,2.7385916103094203,8.373106903932133,numpy_ridge
leave_session_128,reactive_admission,throughput,86,0.008379796469353662,0.021027284304648793,numpy_ridge
leave_session_128,reactive_admission,ready_queue_wait,86,378.4581902086687,1222.6382214881814,numpy_ridge
leave_session_128,reactive_admission,region_utilization,86,0.04946875131040129,0.1002216179443155,numpy_ridge
leave_session_128,acd_nisp,p95_jct,86,3.242738060112103,8.957491871848458,numpy_ridge
leave_session_128,acd_nisp,mean_jct,86,2.7385916103094203,8.373106903932133,numpy_ridge
leave_session_128,acd_nisp,throughput,86,0.008379796469353662,0.021027284304648793,numpy_ridge
leave_session_128,acd_nisp,ready_queue_wait,86,378.4581902086687,1222.6382214881814,numpy_ridge
leave_session_128,acd_nisp,region_utilization,86,0.04946875131040129,0.1002216179443155,numpy_ridge
leave_session_128,taps_domain_v4,p95_jct,86,8.410809110520063,27.48857288550808,numpy_ridge
leave_session_128,taps_domain_v4,mean_jct,86,2.8692921184569684,6.090186786736771,numpy_ridge
leave_session_128,taps_domain_v4,throughput,86,0.008207737264117304,0.01896838221877255,numpy_ridge
leave_session_128,taps_domain_v4,ready_queue_wait,86,286.1267406250697,910.9546678357964,numpy_ridge
leave_session_128,taps_domain_v4,region_utilization,86,0.05650300778417017,0.17242928014834813,numpy_ridge
leave_session_128,taps_admission_v4,p95_jct,86,6.541551619938829,22.122373185199038,numpy_ridge
leave_session_128,taps_admission_v4,mean_jct,86,2.8858982851858244,8.303434637635114,numpy_ridge
leave_session_128,taps_admission_v4,throughput,86,0.0069987309988370355,0.018036832066216403,numpy_ridge
leave_session_128,taps_admission_v4,ready_queue_wait,86,429.6538102589453,1394.8576393324975,numpy_ridge
leave_session_128,taps_admission_v4,region_utilization,86,0.03826740845523677,0.08050758528449023,numpy_ridge
leave_session_128,taps_unified_v5,p95_jct,86,6.379119097948475,29.441703870486833,numpy_ridge
leave_session_128,taps_unified_v5,mean_jct,86,2.548078287934196,8.780082644521231,numpy_ridge
leave_session_128,taps_unified_v5,throughput,86,0.010885152469333262,0.031057137285099016,numpy_ridge
leave_session_128,taps_unified_v5,ready_queue_wait,86,327.91159685165246,1423.435268699839,numpy_ridge
leave_session_128,taps_unified_v5,region_utilization,86,0.047774855649297066,0.14956370802289184,numpy_ridge
leave_session_128,taps_unified_adaptive_v6,p95_jct,86,5.239703014550599,25.344601770829744,numpy_ridge
leave_session_128,taps_unified_adaptive_v6,mean_jct,86,3.539931822665718,12.944580477822075,numpy_ridge
leave_session_128,taps_unified_adaptive_v6,throughput,86,0.009520490917627925,0.03011906227295247,numpy_ridge
leave_session_128,taps_unified_adaptive_v6,ready_queue_wait,86,353.14707305905085,1492.6908333233675,numpy_ridge
leave_session_128,taps_unified_adaptive_v6,region_utilization,86,0.05333735337511103,0.16172977765039404,numpy_ridge
leave_memory_8,reactive_admission,p95_jct,86,3.5089064030478454,9.446188153325078,numpy_ridge
leave_memory_8,reactive_admission,mean_jct,86,3.0016277079881846,7.04268371480066,numpy_ridge
leave_memory_8,reactive_admission,throughput,86,0.010557860177067238,0.03647785156132153,numpy_ridge
leave_memory_8,reactive_admission,ready_queue_wait,86,733.3367952292256,3401.656299295193,numpy_ridge
leave_memory_8,reactive_admission,region_utilization,86,0.050603277054484974,0.12317154380314335,numpy_ridge
leave_memory_8,acd_nisp,p95_jct,86,3.5089064030478454,9.446188153325078,numpy_ridge
leave_memory_8,acd_nisp,mean_jct,86,3.0016277079881846,7.04268371480066,numpy_ridge
leave_memory_8,acd_nisp,throughput,86,0.010557860177067238,0.03647785156132153,numpy_ridge
leave_memory_8,acd_nisp,ready_queue_wait,86,733.3367952292256,3401.656299295193,numpy_ridge
leave_memory_8,acd_nisp,region_utilization,86,0.050603277054484974,0.12317154380314335,numpy_ridge
leave_memory_8,taps_domain_v4,p95_jct,86,15.384149399313173,57.41403090273575,numpy_ridge
leave_memory_8,taps_domain_v4,mean_jct,86,3.3720407430692205,9.306390603459185,numpy_ridge
leave_memory_8,taps_domain_v4,throughput,86,0.011366796259025369,0.03871953231342241,numpy_ridge
leave_memory_8,taps_domain_v4,ready_queue_wait,86,581.4250538362724,2610.7623161826195,numpy_ridge
leave_memory_8,taps_domain_v4,region_utilization,86,0.05755469537899516,0.13880704543060307,numpy_ridge
leave_memory_8,taps_admission_v4,p95_jct,86,4.819372775021833,20.684708103891634,numpy_ridge
leave_memory_8,taps_admission_v4,mean_jct,86,2.633467839242144,9.387206987021559,numpy_ridge
leave_memory_8,taps_admission_v4,throughput,86,0.0090466888564876,0.041282275052833724,numpy_ridge
leave_memory_8,taps_admission_v4,ready_queue_wait,86,638.3330276065517,3046.5887436579615,numpy_ridge
leave_memory_8,taps_admission_v4,region_utilization,86,0.049381613886813114,0.10254296515568068,numpy_ridge
leave_memory_8,taps_unified_v5,p95_jct,86,7.819847684773094,27.198177483254455,numpy_ridge
leave_memory_8,taps_unified_v5,mean_jct,86,2.9399930266133936,10.45572288111668,numpy_ridge
leave_memory_8,taps_unified_v5,throughput,86,0.013699566703523791,0.047186587229989384,numpy_ridge
leave_memory_8,taps_unified_v5,ready_queue_wait,86,595.3148116944976,2761.1736546848433,numpy_ridge
leave_memory_8,taps_unified_v5,region_utilization,86,0.058936650922552514,0.11838939708581983,numpy_ridge
leave_memory_8,taps_unified_adaptive_v6,p95_jct,86,6.7937399502728795,21.029924617397445,numpy_ridge
leave_memory_8,taps_unified_adaptive_v6,mean_jct,86,2.5972492593305034,10.542549598700584,numpy_ridge
leave_memory_8,taps_unified_adaptive_v6,throughput,86,0.016288803842211125,0.048570556547196775,numpy_ridge
leave_memory_8,taps_unified_adaptive_v6,ready_queue_wait,86,595.0608597954067,2971.2800742278423,numpy_ridge
leave_memory_8,taps_unified_adaptive_v6,region_utilization,86,0.06776111223288495,0.12411445512731076,numpy_ridge
leave_memory_16,reactive_admission,p95_jct,95,2.941902825182922,9.484309162107838,numpy_ridge
leave_memory_16,reactive_admission,mean_jct,95,2.8353508879622566,7.544288828020369,numpy_ridge
leave_memory_16,reactive_admission,throughput,95,0.010032937047818824,0.03679415798439101,numpy_ridge
leave_memory_16,reactive_admission,ready_queue_wait,95,946.1572134470937,3935.904073099494,numpy_ridge
leave_memory_16,reactive_admission,region_utilization,95,0.053597846443897534,0.13825101162331274,numpy_ridge
leave_memory_16,acd_nisp,p95_jct,95,2.941902825182922,9.484309162107838,numpy_ridge
leave_memory_16,acd_nisp,mean_jct,95,2.8353508879622566,7.544288828020369,numpy_ridge
leave_memory_16,acd_nisp,throughput,95,0.010032937047818824,0.03679415798439101,numpy_ridge
leave_memory_16,acd_nisp,ready_queue_wait,95,946.1572134470937,3935.904073099494,numpy_ridge
leave_memory_16,acd_nisp,region_utilization,95,0.053597846443897534,0.13825101162331274,numpy_ridge
leave_memory_16,taps_domain_v4,p95_jct,95,9.935920319549552,57.43716891219448,numpy_ridge
leave_memory_16,taps_domain_v4,mean_jct,95,3.0786688618826474,8.233377024958102,numpy_ridge
leave_memory_16,taps_domain_v4,throughput,95,0.009136917570164507,0.03929045590142564,numpy_ridge
leave_memory_16,taps_domain_v4,ready_queue_wait,95,754.8321549274156,3219.7601916253257,numpy_ridge
leave_memory_16,taps_domain_v4,region_utilization,95,0.056816451191301076,0.15219092025523265,numpy_ridge
leave_memory_16,taps_admission_v4,p95_jct,95,6.003530484721836,15.815395053736086,numpy_ridge
leave_memory_16,taps_admission_v4,mean_jct,95,3.240950924131379,8.936627329525683,numpy_ridge
leave_memory_16,taps_admission_v4,throughput,95,0.009371374294055518,0.03892464423403056,numpy_ridge
leave_memory_16,taps_admission_v4,ready_queue_wait,95,835.120275728169,3295.564272466663,numpy_ridge
leave_memory_16,taps_admission_v4,region_utilization,95,0.04575744303399265,0.10281774272307159,numpy_ridge
leave_memory_16,taps_unified_v5,p95_jct,95,6.171941485950811,30.482785466511803,numpy_ridge
leave_memory_16,taps_unified_v5,mean_jct,95,3.154234338190257,11.108216377487395,numpy_ridge
leave_memory_16,taps_unified_v5,throughput,95,0.014698678107238433,0.053021068009067834,numpy_ridge
leave_memory_16,taps_unified_v5,ready_queue_wait,95,610.2994818076791,2864.4329242108033,numpy_ridge
leave_memory_16,taps_unified_v5,region_utilization,95,0.06628452345953822,0.1711077658834684,numpy_ridge
leave_memory_16,taps_unified_adaptive_v6,p95_jct,95,5.774031979789285,25.679384961091383,numpy_ridge
leave_memory_16,taps_unified_adaptive_v6,mean_jct,95,3.8928307403930873,10.351067304361749,numpy_ridge
leave_memory_16,taps_unified_adaptive_v6,throughput,95,0.016338660568330887,0.050709675654130634,numpy_ridge
leave_memory_16,taps_unified_adaptive_v6,ready_queue_wait,95,646.7134794653706,2508.615667234178,numpy_ridge
leave_memory_16,taps_unified_adaptive_v6,region_utilization,95,0.0614449576868904,0.16939267513835637,numpy_ridge
leave_memory_32,reactive_admission,p95_jct,90,3.8325998359134843,9.554360923172274,numpy_ridge
leave_memory_32,reactive_admission,mean_jct,90,3.0968510543655086,8.628506382917665,numpy_ridge
leave_memory_32,reactive_admission,throughput,90,0.009556561448080647,0.03549830414594651,numpy_ridge
leave_memory_32,reactive_admission,ready_queue_wait,90,783.9241012912315,2513.945593385035,numpy_ridge
leave_memory_32,reactive_admission,region_utilization,90,0.045469527802296295,0.14118203366635113,numpy_ridge
leave_memory_32,acd_nisp,p95_jct,90,3.8325998359134843,9.554360923172274,numpy_ridge
leave_memory_32,acd_nisp,mean_jct,90,3.0968510543655086,8.628506382917665,numpy_ridge
leave_memory_32,acd_nisp,throughput,90,0.009556561448080647,0.03549830414594651,numpy_ridge
leave_memory_32,acd_nisp,ready_queue_wait,90,783.9241012912315,2513.945593385035,numpy_ridge
leave_memory_32,acd_nisp,region_utilization,90,0.045469527802296295,0.14118203366635113,numpy_ridge
leave_memory_32,taps_domain_v4,p95_jct,90,12.923157830381413,58.545160125197235,numpy_ridge
leave_memory_32,taps_domain_v4,mean_jct,90,3.2481938335429064,9.000960080534393,numpy_ridge
leave_memory_32,taps_domain_v4,throughput,90,0.008223609111049371,0.03834819827475763,numpy_ridge
leave_memory_32,taps_domain_v4,ready_queue_wait,90,612.8715613164459,2082.820989996092,numpy_ridge
leave_memory_32,taps_domain_v4,region_utilization,90,0.05166282351443274,0.14906432995187327,numpy_ridge
leave_memory_32,taps_admission_v4,p95_jct,90,7.707380235474517,24.472194926309932,numpy_ridge
leave_memory_32,taps_admission_v4,mean_jct,90,2.9970318146329085,8.795719065493616,numpy_ridge
leave_memory_32,taps_admission_v4,throughput,90,0.009516010426964983,0.037980938382518106,numpy_ridge
leave_memory_32,taps_admission_v4,ready_queue_wait,90,739.059864243321,2323.875126845959,numpy_ridge
leave_memory_32,taps_admission_v4,region_utilization,90,0.03841715650118774,0.1050173116725817,numpy_ridge
leave_memory_32,taps_unified_v5,p95_jct,90,10.153058971686434,33.616707659582225,numpy_ridge
leave_memory_32,taps_unified_v5,mean_jct,90,3.357897787275398,12.359207192399303,numpy_ridge
leave_memory_32,taps_unified_v5,throughput,90,0.014330636787265899,0.061884086953315855,numpy_ridge
leave_memory_32,taps_unified_v5,ready_queue_wait,90,487.5326665030816,1850.0757127449453,numpy_ridge
leave_memory_32,taps_unified_v5,region_utilization,90,0.06084093859451234,0.15754376009389384,numpy_ridge
leave_memory_32,taps_unified_adaptive_v6,p95_jct,90,7.997362775053574,31.0395011551718,numpy_ridge
leave_memory_32,taps_unified_adaptive_v6,mean_jct,90,4.179874679395802,17.06479477857341,numpy_ridge
leave_memory_32,taps_unified_adaptive_v6,throughput,90,0.0171798626541442,0.05970954038539602,numpy_ridge
leave_memory_32,taps_unified_adaptive_v6,ready_queue_wait,90,469.4068547672068,1633.6904692001874,numpy_ridge
leave_memory_32,taps_unified_adaptive_v6,region_utilization,90,0.06681238511158444,0.15969512837895933,numpy_ridge
leave_memory_64,reactive_admission,p95_jct,89,4.052125374391338,10.015067945285614,numpy_ridge
leave_memory_64,reactive_admission,mean_jct,89,3.1072625967132694,8.380084883455895,numpy_ridge
leave_memory_64,reactive_admission,throughput,89,0.0102684999000352,0.03121494220042981,numpy_ridge
leave_memory_64,reactive_admission,ready_queue_wait,89,1057.042458960312,3622.4387637456275,numpy_ridge
leave_memory_64,reactive_admission,region_utilization,89,0.04623395177900688,0.12953162120959583,numpy_ridge
leave_memory_64,acd_nisp,p95_jct,89,4.052125374391338,10.015067945285614,numpy_ridge
leave_memory_64,acd_nisp,mean_jct,89,3.1072625967132694,8.380084883455895,numpy_ridge
leave_memory_64,acd_nisp,throughput,89,0.0102684999000352,0.03121494220042981,numpy_ridge
leave_memory_64,acd_nisp,ready_queue_wait,89,1057.042458960312,3622.4387637456275,numpy_ridge
leave_memory_64,acd_nisp,region_utilization,89,0.04623395177900688,0.12953162120959583,numpy_ridge
leave_memory_64,taps_domain_v4,p95_jct,89,12.022833266109288,53.04940674039059,numpy_ridge
leave_memory_64,taps_domain_v4,mean_jct,89,3.3451106670137705,6.982582341303022,numpy_ridge
leave_memory_64,taps_domain_v4,throughput,89,0.010436021577666155,0.03379310030805128,numpy_ridge
leave_memory_64,taps_domain_v4,ready_queue_wait,89,782.4632640020105,2750.393828795215,numpy_ridge
leave_memory_64,taps_domain_v4,region_utilization,89,0.05729789219834258,0.16261468236351068,numpy_ridge
leave_memory_64,taps_admission_v4,p95_jct,89,7.020730198170483,19.284104539799316,numpy_ridge
leave_memory_64,taps_admission_v4,mean_jct,89,2.9227875348242947,10.568259822106857,numpy_ridge
leave_memory_64,taps_admission_v4,throughput,89,0.00900212439974779,0.035148840255268,numpy_ridge
leave_memory_64,taps_admission_v4,ready_queue_wait,89,943.0225927006377,3079.290614909302,numpy_ridge
leave_memory_64,taps_admission_v4,region_utilization,89,0.046832169073301455,0.11078591846810397,numpy_ridge
leave_memory_64,taps_unified_v5,p95_jct,89,10.596841250458837,36.08835790937028,numpy_ridge
leave_memory_64,taps_unified_v5,mean_jct,89,3.2536397394632743,12.342489701779169,numpy_ridge
leave_memory_64,taps_unified_v5,throughput,89,0.014558543965743173,0.050809856191940395,numpy_ridge
leave_memory_64,taps_unified_v5,ready_queue_wait,89,665.5611093110681,2192.852247364316,numpy_ridge
leave_memory_64,taps_unified_v5,region_utilization,89,0.060930781851244564,0.16523666846207558,numpy_ridge
leave_memory_64,taps_unified_adaptive_v6,p95_jct,89,8.379990080464069,33.499278411298754,numpy_ridge
leave_memory_64,taps_unified_adaptive_v6,mean_jct,89,3.7664080841021104,18.224411685218133,numpy_ridge
leave_memory_64,taps_unified_adaptive_v6,throughput,89,0.014959329566736929,0.04807550717050828,numpy_ridge
leave_memory_64,taps_unified_adaptive_v6,ready_queue_wait,89,728.3164446727933,2362.279702163755,numpy_ridge
leave_memory_64,taps_unified_adaptive_v6,region_utilization,89,0.06476746862388427,0.1705509939534846,numpy_ridge
